PSRJ,RAJ,DECJ,DM,P0,s100
J2113+4644,21:13:24.3,+46:44:08.8,141.26,1.014685,1301.0764773832475
J1939+2134,19:39:38.5,+21:34:59.1,71.02,0.001558,1357.6450198781713
J1935+1616,19:35:47.8,+16:16:39.9,158.52,0.358738,1368.9587283771561
J1136+1551,11:36:03.1,+15:51:14.1,4.84,1.187913,1453.8115421195419
J2018+2839,20:18:03.8,+28:39:54.2,14.2,0.5579529999999999,1776.2522343406074
J0341+5711,03:41,+57:11,100.0,1.888,2063.054744789871
J0534+2200,05:34:31.9,+22:00:52.0,56.77,0.033392000000000005,3111.269837220809
J0332+5434,03:32:59.4,+54:34:43.3,26.76,0.7145199999999999,8485.281374238572
